{
  "nama_gambar": "20260421055837-706.jpg",
  "kelas": "Fan",
  "longitude_target": 107.59198282080003,
  "lattitude_target": -6.861188247137441,
  "longitude_start": 107.5791070502639,
  "lattitude_start": -6.896964825761708
}